dataset,model,seed,status,lr,batch_size,epochs_logged,best_epoch,val_metric,val_best,primary_name,secondary_name,test_ba,test_primary,test_secondary,published_value,published_std,diff,checkpoint,log
FACED,cbramod,seed42,done,0.0001,32,50,43,kappa,0.55543,kappa,f1,0.55153,0.49338,0.55236,0.5041,0.0122,-0.010720000000000007,experiments/checkpoints/foundation_rerun_v2_warm3_ema995_wd5e4_5seed_v1/cbramod/seed42/faced/best.pth,experiments/logs/foundation_rerun_v2_warm3_ema995_wd5e4_5seed_v1/cbramod/seed42/vision/faced/20260918_093819_faced_pid3342822.log
FACED,cbramod,seed43,done,0.0001,32,50,40,kappa,0.54311,kappa,f1,0.55623,0.49835,0.55828,0.5041,0.0122,-0.005749999999999977,experiments/checkpoints/foundation_rerun_v2_warm3_ema995_wd5e4_5seed_v1/cbramod/seed43/faced/best.pth,experiments/logs/foundation_rerun_v2_warm3_ema995_wd5e4_5seed_v1/cbramod/seed43/vision/faced/20260918_095200_faced_pid3350889.log
FACED,cbramod,seed44,done,0.0001,32,48,38,kappa,0.5568,kappa,f1,0.55354,0.49347,0.55394,0.5041,0.0122,-0.010629999999999973,experiments/checkpoints/foundation_rerun_v2_warm3_ema995_wd5e4_5seed_v1/cbramod/seed44/faced/best.pth,experiments/logs/foundation_rerun_v2_warm3_ema995_wd5e4_5seed_v1/cbramod/seed44/vision/faced/20260918_100610_faced_pid3360822.log
FACED,cbramod,seed45,done,0.0001,32,34,24,kappa,0.56065,kappa,f1,0.55596,0.49635,0.55579,0.5041,0.0122,-0.007749999999999979,experiments/checkpoints/foundation_rerun_v2_warm3_ema995_wd5e4_5seed_v1/cbramod/seed45/faced/best.pth,experiments/logs/foundation_rerun_v2_warm3_ema995_wd5e4_5seed_v1/cbramod/seed45/vision/faced/20260918_102444_faced_pid3369693.log
FACED,cbramod,seed46,done,0.0001,32,43,33,kappa,0.5526,kappa,f1,0.54831,0.48799,0.54848,0.5041,0.0122,-0.016110000000000013,experiments/checkpoints/foundation_rerun_v2_warm3_ema995_wd5e4_5seed_v1/cbramod/seed46/faced/best.pth,experiments/logs/foundation_rerun_v2_warm3_ema995_wd5e4_5seed_v1/cbramod/seed46/vision/faced/20260918_103743_faced_pid3375051.log
HMC,cbramod,seed42,done,0.0001,32,19,9,kappa,0.70072,kappa,f1,0.7294,0.67392,0.7469,,,,experiments/checkpoints/foundation_rerun_v2_warm3_ema995_wd5e4_5seed_v1/cbramod/seed42/hmc/best.pth,experiments/logs/foundation_rerun_v2_warm3_ema995_wd5e4_5seed_v1/cbramod/seed42/vision/hmc/20260919_060521_hmc_pid3714157.log
HMC,cbramod,seed43,done,0.0001,32,17,7,kappa,0.70288,kappa,f1,0.72515,0.67295,0.74415,,,,experiments/checkpoints/foundation_rerun_v2_warm3_ema995_wd5e4_5seed_v1/cbramod/seed43/hmc/best.pth,experiments/logs/foundation_rerun_v2_warm3_ema995_wd5e4_5seed_v1/cbramod/seed43/vision/hmc/20260919_064322_hmc_pid3723563.log
HMC,cbramod,seed44,done,0.0001,32,16,6,kappa,0.70099,kappa,f1,0.73173,0.67845,0.74809,,,,experiments/checkpoints/foundation_rerun_v2_warm3_ema995_wd5e4_5seed_v1/cbramod/seed44/hmc/best.pth,experiments/logs/foundation_rerun_v2_warm3_ema995_wd5e4_5seed_v1/cbramod/seed44/vision/hmc/20260919_071708_hmc_pid3732022.log
HMC,cbramod,seed45,done,0.0001,32,17,7,kappa,0.69954,kappa,f1,0.72992,0.67736,0.74878,,,,experiments/checkpoints/foundation_rerun_v2_warm3_ema995_wd5e4_5seed_v1/cbramod/seed45/hmc/best.pth,experiments/logs/foundation_rerun_v2_warm3_ema995_wd5e4_5seed_v1/cbramod/seed45/vision/hmc/20260919_074910_hmc_pid3739847.log
HMC,cbramod,seed46,done,0.0001,32,17,7,kappa,0.69886,kappa,f1,0.7272,0.67334,0.74422,,,,experiments/checkpoints/foundation_rerun_v2_warm3_ema995_wd5e4_5seed_v1/cbramod/seed46/hmc/best.pth,experiments/logs/foundation_rerun_v2_warm3_ema995_wd5e4_5seed_v1/cbramod/seed46/vision/hmc/20260919_082255_hmc_pid3748200.log
Mumtaz2016,cbramod,seed42,done,0.0001,32,14,4,pr_auc,0.99997,pr_auc,roc_auc,0.91415,0.984,0.98273,0.9923,0.0032,-0.008299999999999974,experiments/checkpoints/foundation_rerun_v2_warm3_ema995_wd5e4_5seed_v1/cbramod/seed42/mumtaz2016/best.pth,experiments/logs/foundation_rerun_v2_warm3_ema995_wd5e4_5seed_v1/cbramod/seed42/vision/mumtaz2016/20260918_111525_mumtaz2016_pid3387899.log
Mumtaz2016,cbramod,seed43,done,0.0001,32,15,5,pr_auc,0.99999,pr_auc,roc_auc,0.89392,0.98717,0.98595,0.9923,0.0032,-0.005129999999999968,experiments/checkpoints/foundation_rerun_v2_warm3_ema995_wd5e4_5seed_v1/cbramod/seed43/mumtaz2016/best.pth,experiments/logs/foundation_rerun_v2_warm3_ema995_wd5e4_5seed_v1/cbramod/seed43/vision/mumtaz2016/20260918_111951_mumtaz2016_pid3389407.log
Mumtaz2016,cbramod,seed44,done,0.0001,32,17,7,pr_auc,0.99992,pr_auc,roc_auc,0.89816,0.97772,0.9756,0.9923,0.0032,-0.014579999999999926,experiments/checkpoints/foundation_rerun_v2_warm3_ema995_wd5e4_5seed_v1/cbramod/seed44/mumtaz2016/best.pth,experiments/logs/foundation_rerun_v2_warm3_ema995_wd5e4_5seed_v1/cbramod/seed44/vision/mumtaz2016/20260918_112442_mumtaz2016_pid3392189.log
Mumtaz2016,cbramod,seed45,done,0.0001,32,16,6,pr_auc,0.99992,pr_auc,roc_auc,0.89318,0.95607,0.9491,0.9923,0.0032,-0.036229999999999984,experiments/checkpoints/foundation_rerun_v2_warm3_ema995_wd5e4_5seed_v1/cbramod/seed45/mumtaz2016/best.pth,experiments/logs/foundation_rerun_v2_warm3_ema995_wd5e4_5seed_v1/cbramod/seed45/vision/mumtaz2016/20260918_113013_mumtaz2016_pid3395031.log
Mumtaz2016,cbramod,seed46,done,0.0001,32,14,4,pr_auc,0.99976,pr_auc,roc_auc,0.90438,0.97841,0.97796,0.9923,0.0032,-0.013889999999999958,experiments/checkpoints/foundation_rerun_v2_warm3_ema995_wd5e4_5seed_v1/cbramod/seed46/mumtaz2016/best.pth,experiments/logs/foundation_rerun_v2_warm3_ema995_wd5e4_5seed_v1/cbramod/seed46/vision/mumtaz2016/20260918_113526_mumtaz2016_pid3397867.log
PhysioNet-MI,cbramod,seed42,done,0.0001,32,16,6,kappa,0.44176,kappa,f1,0.63181,0.509,0.63196,0.5222,0.0169,-0.01319999999999999,experiments/checkpoints/foundation_rerun_v2_warm3_ema995_wd5e4_5seed_v1/cbramod/seed42/physionet_mi/best.pth,experiments/logs/foundation_rerun_v2_warm3_ema995_wd5e4_5seed_v1/cbramod/seed42/vision/physionet_mi/20260919_024342_physionet_mi_pid3663658.log
PhysioNet-MI,cbramod,seed43,done,0.0001,32,16,6,kappa,0.44253,kappa,f1,0.61742,0.48978,0.61711,0.5222,0.0169,-0.032420000000000004,experiments/checkpoints/foundation_rerun_v2_warm3_ema995_wd5e4_5seed_v1/cbramod/seed43/physionet_mi/best.pth,experiments/logs/foundation_rerun_v2_warm3_ema995_wd5e4_5seed_v1/cbramod/seed43/vision/physionet_mi/20260919_024723_physionet_mi_pid3664574.log
PhysioNet-MI,cbramod,seed44,done,0.0001,32,16,6,kappa,0.43716,kappa,f1,0.61683,0.48904,0.61647,0.5222,0.0169,-0.03316000000000002,experiments/checkpoints/foundation_rerun_v2_warm3_ema995_wd5e4_5seed_v1/cbramod/seed44/physionet_mi/best.pth,experiments/logs/foundation_rerun_v2_warm3_ema995_wd5e4_5seed_v1/cbramod/seed44/vision/physionet_mi/20260919_025101_physionet_mi_pid3665509.log
PhysioNet-MI,cbramod,seed45,done,0.0001,32,16,6,kappa,0.44175,kappa,f1,0.61239,0.48311,0.61329,0.5222,0.0169,-0.039090000000000014,experiments/checkpoints/foundation_rerun_v2_warm3_ema995_wd5e4_5seed_v1/cbramod/seed45/physionet_mi/best.pth,experiments/logs/foundation_rerun_v2_warm3_ema995_wd5e4_5seed_v1/cbramod/seed45/vision/physionet_mi/20260919_025439_physionet_mi_pid3666422.log
PhysioNet-MI,cbramod,seed46,done,0.0001,32,15,5,kappa,0.44021,kappa,f1,0.61302,0.48387,0.61178,0.5222,0.0169,-0.038329999999999975,experiments/checkpoints/foundation_rerun_v2_warm3_ema995_wd5e4_5seed_v1/cbramod/seed46/physionet_mi/best.pth,experiments/logs/foundation_rerun_v2_warm3_ema995_wd5e4_5seed_v1/cbramod/seed46/vision/physionet_mi/20260919_025820_physionet_mi_pid3667553.log
TUAB,cbramod,seed42,done,0.0001,32,10,1,pr_auc,0.92713,pr_auc,roc_auc,0.80697,0.89523,0.89098,0.9221,,-0.02687000000000006,experiments/checkpoints/foundation_rerun_v2_warm3_ema995_wd5e4_5seed_v1/cbramod/seed42/tuab/best.pth,experiments/logs/foundation_rerun_v2_warm3_ema995_wd5e4_5seed_v1/cbramod/seed42/vision/tuab/20260918_200407_tuab_pid3553278.log
TUAB,cbramod,seed43,done,0.0001,32,10,1,pr_auc,0.92246,pr_auc,roc_auc,0.8022,0.88942,0.88458,0.9221,,-0.03268000000000004,experiments/checkpoints/foundation_rerun_v2_warm3_ema995_wd5e4_5seed_v1/cbramod/seed43/tuab/best.pth,experiments/logs/foundation_rerun_v2_warm3_ema995_wd5e4_5seed_v1/cbramod/seed43/vision/tuab/20260918_211403_tuab_pid3569700.log
TUAB,cbramod,seed44,done,0.0001,32,10,1,pr_auc,0.92605,pr_auc,roc_auc,0.80745,0.89062,0.88991,0.9221,,-0.031480000000000063,experiments/checkpoints/foundation_rerun_v2_warm3_ema995_wd5e4_5seed_v1/cbramod/seed44/tuab/best.pth,experiments/logs/foundation_rerun_v2_warm3_ema995_wd5e4_5seed_v1/cbramod/seed44/vision/tuab/20260918_222435_tuab_pid3587072.log
TUAB,cbramod,seed45,done,0.0001,32,10,1,pr_auc,0.92212,pr_auc,roc_auc,0.80602,0.89087,0.8854,0.9221,,-0.03122999999999998,experiments/checkpoints/foundation_rerun_v2_warm3_ema995_wd5e4_5seed_v1/cbramod/seed45/tuab/best.pth,experiments/logs/foundation_rerun_v2_warm3_ema995_wd5e4_5seed_v1/cbramod/seed45/vision/tuab/20260918_233658_tuab_pid3613048.log
TUAB,cbramod,seed46,done,0.0001,32,10,1,pr_auc,0.92497,pr_auc,roc_auc,0.81037,0.89559,0.89352,0.9221,,-0.026510000000000034,experiments/checkpoints/foundation_rerun_v2_warm3_ema995_wd5e4_5seed_v1/cbramod/seed46/tuab/best.pth,experiments/logs/foundation_rerun_v2_warm3_ema995_wd5e4_5seed_v1/cbramod/seed46/vision/tuab/20260919_005313_tuab_pid3636232.log
FACED,reve,seed42,done,0.0001,32,19,9,kappa,0.45741,kappa,f1,0.48376,0.41888,0.48575,0.508,0.0191,-0.08912000000000003,experiments/checkpoints/foundation_rerun_v2_warm3_ema995_wd5e4_5seed_v1/reve/seed42/faced/best.pth,experiments/logs/foundation_rerun_v2_warm3_ema995_wd5e4_5seed_v1/reve/seed42/vision/faced/20260918_085021_faced_pid3323349.log
FACED,reve,seed43,done,0.0001,32,31,21,kappa,0.50319,kappa,f1,0.54804,0.48978,0.54774,0.508,0.0191,-0.018220000000000014,experiments/checkpoints/foundation_rerun_v2_warm3_ema995_wd5e4_5seed_v1/reve/seed43/faced/best.pth,experiments/logs/foundation_rerun_v2_warm3_ema995_wd5e4_5seed_v1/reve/seed43/vision/faced/20260918_085827_faced_pid3326208.log
FACED,reve,seed44,done,0.0001,32,14,4,kappa,0.47848,kappa,f1,0.49235,0.42855,0.49551,0.508,0.0191,-0.07945000000000002,experiments/checkpoints/foundation_rerun_v2_warm3_ema995_wd5e4_5seed_v1/reve/seed44/faced/best.pth,experiments/logs/foundation_rerun_v2_warm3_ema995_wd5e4_5seed_v1/reve/seed44/vision/faced/20260918_091126_faced_pid3329742.log
FACED,reve,seed45,done,0.0001,32,31,21,kappa,0.50173,kappa,f1,0.53556,0.47528,0.53576,0.508,0.0191,-0.03272000000000003,experiments/checkpoints/foundation_rerun_v2_warm3_ema995_wd5e4_5seed_v1/reve/seed45/faced/best.pth,experiments/logs/foundation_rerun_v2_warm3_ema995_wd5e4_5seed_v1/reve/seed45/vision/faced/20260918_091734_faced_pid3332962.log
FACED,reve,seed46,done,0.0001,32,16,6,kappa,0.4898,kappa,f1,0.50389,0.44006,0.5049,0.508,0.0191,-0.06794,experiments/checkpoints/foundation_rerun_v2_warm3_ema995_wd5e4_5seed_v1/reve/seed46/faced/best.pth,experiments/logs/foundation_rerun_v2_warm3_ema995_wd5e4_5seed_v1/reve/seed46/vision/faced/20260918_093111_faced_pid3339462.log
HMC,reve,seed42,done,0.0001,32,14,4,kappa,0.70978,kappa,f1,0.73388,0.68039,0.74974,0.6982,0.0078,-0.017809999999999993,experiments/checkpoints/foundation_rerun_v2_warm3_ema995_wd5e4_5seed_v1/reve/seed42/hmc/best.pth,experiments/logs/foundation_rerun_v2_warm3_ema995_wd5e4_5seed_v1/reve/seed42/vision/hmc/20260919_030147_hmc_pid3668555.log
HMC,reve,seed43,done,0.0001,32,14,4,kappa,0.71139,kappa,f1,0.7351,0.6791,0.7481,0.6982,0.0078,-0.019100000000000006,experiments/checkpoints/foundation_rerun_v2_warm3_ema995_wd5e4_5seed_v1/reve/seed43/hmc/best.pth,experiments/logs/foundation_rerun_v2_warm3_ema995_wd5e4_5seed_v1/reve/seed43/vision/hmc/20260919_033843_hmc_pid3677595.log
HMC,reve,seed44,done,0.0001,32,14,4,kappa,0.70971,kappa,f1,0.73042,0.6766,0.74609,0.6982,0.0078,-0.021600000000000064,experiments/checkpoints/foundation_rerun_v2_warm3_ema995_wd5e4_5seed_v1/reve/seed44/hmc/best.pth,experiments/logs/foundation_rerun_v2_warm3_ema995_wd5e4_5seed_v1/reve/seed44/vision/hmc/20260919_041617_hmc_pid3686879.log
HMC,reve,seed45,done,0.0001,32,14,4,kappa,0.71044,kappa,f1,0.73621,0.6844,0.75167,0.6982,0.0078,-0.013800000000000034,experiments/checkpoints/foundation_rerun_v2_warm3_ema995_wd5e4_5seed_v1/reve/seed45/hmc/best.pth,experiments/logs/foundation_rerun_v2_warm3_ema995_wd5e4_5seed_v1/reve/seed45/vision/hmc/20260919_045352_hmc_pid3696159.log
HMC,reve,seed46,done,0.0001,32,13,3,kappa,0.70963,kappa,f1,0.73606,0.68603,0.75363,0.6982,0.0078,-0.012170000000000014,experiments/checkpoints/foundation_rerun_v2_warm3_ema995_wd5e4_5seed_v1/reve/seed46/hmc/best.pth,experiments/logs/foundation_rerun_v2_warm3_ema995_wd5e4_5seed_v1/reve/seed46/vision/hmc/20260919_053107_hmc_pid3705609.log
Mumtaz2016,reve,seed42,done,0.0001,32,13,3,pr_auc,1.0,pr_auc,roc_auc,0.95153,0.99722,0.9971,0.9961,0.0013,0.0011200000000000099,experiments/checkpoints/foundation_rerun_v2_warm3_ema995_wd5e4_5seed_v1/reve/seed42/mumtaz2016/best.pth,experiments/logs/foundation_rerun_v2_warm3_ema995_wd5e4_5seed_v1/reve/seed42/vision/mumtaz2016/20260918_105356_mumtaz2016_pid3380476.log
Mumtaz2016,reve,seed43,done,0.0001,32,13,3,pr_auc,1.0,pr_auc,roc_auc,0.93317,0.99468,0.99455,0.9961,0.0013,-0.0014199999999999768,experiments/checkpoints/foundation_rerun_v2_warm3_ema995_wd5e4_5seed_v1/reve/seed43/mumtaz2016/best.pth,experiments/logs/foundation_rerun_v2_warm3_ema995_wd5e4_5seed_v1/reve/seed43/vision/mumtaz2016/20260918_105731_mumtaz2016_pid3381777.log
Mumtaz2016,reve,seed44,done,0.0001,32,27,17,pr_auc,1.0,pr_auc,roc_auc,0.91243,0.98393,0.98235,0.9961,0.0013,-0.012170000000000014,experiments/checkpoints/foundation_rerun_v2_warm3_ema995_wd5e4_5seed_v1/reve/seed44/mumtaz2016/best.pth,experiments/logs/foundation_rerun_v2_warm3_ema995_wd5e4_5seed_v1/reve/seed44/vision/mumtaz2016/20260918_110106_mumtaz2016_pid3383406.log
Mumtaz2016,reve,seed45,done,0.0001,32,13,3,pr_auc,1.0,pr_auc,roc_auc,0.91141,0.98486,0.98243,0.9961,0.0013,-0.011240000000000028,experiments/checkpoints/foundation_rerun_v2_warm3_ema995_wd5e4_5seed_v1/reve/seed45/mumtaz2016/best.pth,experiments/logs/foundation_rerun_v2_warm3_ema995_wd5e4_5seed_v1/reve/seed45/vision/mumtaz2016/20260918_110817_mumtaz2016_pid3385466.log
Mumtaz2016,reve,seed46,done,0.0001,32,12,2,pr_auc,0.99999,pr_auc,roc_auc,0.91806,0.99527,0.99463,0.9961,0.0013,-0.0008299999999999974,experiments/checkpoints/foundation_rerun_v2_warm3_ema995_wd5e4_5seed_v1/reve/seed46/mumtaz2016/best.pth,experiments/logs/foundation_rerun_v2_warm3_ema995_wd5e4_5seed_v1/reve/seed46/vision/mumtaz2016/20260918_111150_mumtaz2016_pid3386517.log
PhysioNet-MI,reve,seed42,done,0.0001,32,26,16,kappa,0.50559,kappa,f1,0.69767,0.59695,0.69808,0.5306,0.0187,0.06635000000000002,experiments/checkpoints/foundation_rerun_v2_warm3_ema995_wd5e4_5seed_v1/reve/seed42/physionet_mi/best.pth,experiments/logs/foundation_rerun_v2_warm3_ema995_wd5e4_5seed_v1/reve/seed42/vision/physionet_mi/20260919_021031_physionet_mi_pid3655302.log
PhysioNet-MI,reve,seed43,done,0.0001,32,14,4,kappa,0.5071,kappa,f1,0.69549,0.594,0.69571,0.5306,0.0187,0.06340000000000001,experiments/checkpoints/foundation_rerun_v2_warm3_ema995_wd5e4_5seed_v1/reve/seed43/physionet_mi/best.pth,experiments/logs/foundation_rerun_v2_warm3_ema995_wd5e4_5seed_v1/reve/seed43/vision/physionet_mi/20260919_021839_physionet_mi_pid3657301.log
PhysioNet-MI,reve,seed44,done,0.0001,32,30,20,kappa,0.50326,kappa,f1,0.69547,0.59399,0.69638,0.5306,0.0187,0.06339000000000006,experiments/checkpoints/foundation_rerun_v2_warm3_ema995_wd5e4_5seed_v1/reve/seed44/physionet_mi/best.pth,experiments/logs/foundation_rerun_v2_warm3_ema995_wd5e4_5seed_v1/reve/seed44/vision/physionet_mi/20260919_022300_physionet_mi_pid3658397.log
PhysioNet-MI,reve,seed45,done,0.0001,32,20,10,kappa,0.50789,kappa,f1,0.68491,0.57993,0.68491,0.5306,0.0187,0.049329999999999985,experiments/checkpoints/foundation_rerun_v2_warm3_ema995_wd5e4_5seed_v1/reve/seed45/physionet_mi/best.pth,experiments/logs/foundation_rerun_v2_warm3_ema995_wd5e4_5seed_v1/reve/seed45/vision/physionet_mi/20260919_023218_physionet_mi_pid3660813.log
PhysioNet-MI,reve,seed46,done,0.0001,32,16,6,kappa,0.50713,kappa,f1,0.68438,0.5792,0.68347,0.5306,0.0187,0.04860000000000009,experiments/checkpoints/foundation_rerun_v2_warm3_ema995_wd5e4_5seed_v1/reve/seed46/physionet_mi/best.pth,experiments/logs/foundation_rerun_v2_warm3_ema995_wd5e4_5seed_v1/reve/seed46/vision/physionet_mi/20260919_023836_physionet_mi_pid3662383.log
TUAB,reve,seed42,done,0.0001,32,10,4,pr_auc,0.92134,pr_auc,roc_auc,0.79741,0.87573,0.8739,0.9281,0.0009,-0.05237000000000003,experiments/checkpoints/foundation_rerun_v2_warm3_ema995_wd5e4_5seed_v1/reve/seed42/tuab/best.pth,experiments/logs/foundation_rerun_v2_warm3_ema995_wd5e4_5seed_v1/reve/seed42/vision/tuab/20260918_113953_tuab_pid3399076.log
TUAB,reve,seed43,done,0.0001,32,10,3,pr_auc,0.91929,pr_auc,roc_auc,0.80878,0.88252,0.88197,0.9281,0.0009,-0.045580000000000065,experiments/checkpoints/foundation_rerun_v2_warm3_ema995_wd5e4_5seed_v1/reve/seed43/tuab/best.pth,experiments/logs/foundation_rerun_v2_warm3_ema995_wd5e4_5seed_v1/reve/seed43/vision/tuab/20260918_133307_tuab_pid3431422.log
TUAB,reve,seed44,done,0.0001,32,10,4,pr_auc,0.92189,pr_auc,roc_auc,0.80355,0.88177,0.87851,0.9281,0.0009,-0.04632999999999998,experiments/checkpoints/foundation_rerun_v2_warm3_ema995_wd5e4_5seed_v1/reve/seed44/tuab/best.pth,experiments/logs/foundation_rerun_v2_warm3_ema995_wd5e4_5seed_v1/reve/seed44/vision/tuab/20260918_151527_tuab_pid3459893.log
TUAB,reve,seed45,done,0.0001,32,10,3,pr_auc,0.91762,pr_auc,roc_auc,0.81255,0.88168,0.88303,0.9281,0.0009,-0.04642000000000002,experiments/checkpoints/foundation_rerun_v2_warm3_ema995_wd5e4_5seed_v1/reve/seed45/tuab/best.pth,experiments/logs/foundation_rerun_v2_warm3_ema995_wd5e4_5seed_v1/reve/seed45/vision/tuab/20260918_165225_tuab_pid3489596.log
TUAB,reve,seed46,done,0.0001,32,10,1,pr_auc,0.9228,pr_auc,roc_auc,0.80949,0.89473,0.88755,0.9281,0.0009,-0.03337000000000001,experiments/checkpoints/foundation_rerun_v2_warm3_ema995_wd5e4_5seed_v1/reve/seed46/tuab/best.pth,experiments/logs/foundation_rerun_v2_warm3_ema995_wd5e4_5seed_v1/reve/seed46/vision/tuab/20260918_182825_tuab_pid3519968.log
